timestamp_ns,x_m_s2,y_m_s2,z_m_s2
758330526870654,-0.28594232,0.69212395,9.792626
758330535563258,-0.2835495,0.6945168,9.802198
758330544255914,-0.2883351,0.6945168,9.785448
758330552948518,-0.2835495,0.6945168,9.806984
758330561641123,-0.28594232,0.6945168,9.771091
758330570333727,-0.2835495,0.6801598,9.787841
758330579026383,-0.28115666,0.67776704,9.783055
758330587718987,-0.30029923,0.67776704,9.766306
758330596411591,-0.28594232,0.6873383,9.780663
758330605104248,-0.2955136,0.69212395,9.790234
758330613796852,-0.2955136,0.68255264,9.799805
758330622489456,-0.2955136,0.68255264,9.783055
758330631182112,-0.2835495,0.68255264,9.768699
758330639874716,-0.2835495,0.6801598,9.775877
758330648567373,-0.2955136,0.6873383,9.766306
758330657259977,-0.28594232,0.6897311,9.809377
758330665952581,-0.2883351,0.6897311,9.773484
758330674645185,-0.28115666,0.6945168,9.795019
758330683337841,-0.29072794,0.68255264,9.766306
758330692030446,-0.29072794,0.6873383,9.802198
758330700723050,-0.28115666,0.68494546,9.773484
758330709415706,-0.29312077,0.68494546,9.771091
758330718108310,-0.2955136,0.68255264,9.787841
758330726800914,-0.29072794,0.68255264,9.780663
758330735493571,-0.29312077,0.68494546,9.792626
758330744186175,-0.2883351,0.68494546,9.77827
758330752878779,-0.2835495,0.68494546,9.771091
758330761571435,-0.2835495,0.6897311,9.783055
758330770264039,-0.28115666,0.68494546,9.773484
758330778956643,-0.29312077,0.68494546,9.785448
758330787649300,-0.28594232,0.68494546,9.804591
758330796341904,-0.29312077,0.6753742,9.783055
758330805034508,-0.29312077,0.6897311,9.785448
758330813727112,-0.28594232,0.69930243,9.787841
758330822419768,-0.28594232,0.69212395,9.783055
758330831112373,-0.29072794,0.6897311,9.780663
758330839804977,-0.2883351,0.6945168,9.780663
758330848497633,-0.29312077,0.6873383,9.795019
758330857190237,-0.2883351,0.6873383,9.771091
758330865882841,-0.29072794,0.69212395,9.809377
758330874575498,-0.29312077,0.6801598,9.763913
758330883268102,-0.28594232,0.69212395,9.804591
758330891960706,-0.29312077,0.68255264,9.766306
758330900653362,-0.29312077,0.6873383,9.792626
758330909345966,-0.2835495,0.68494546,9.773484
758330918038571,-0.2835495,0.6969096,9.795019
758330926731227,-0.27876383,0.6873383,9.773484
758330935423831,-0.28594232,0.6897311,9.804591
758330944116435,-0.29072794,0.6873383,9.771091
758330952809091,-0.2955136,0.6945168,9.792626
758330961501696,-0.29072794,0.68494546,9.77827
758330970194300,-0.2883351,0.6897311,9.795019
758330978886956,-0.2883351,0.6801598,9.768699
758330987579560,-0.29312077,0.6945168,9.797412
758330996272164,-0.27876383,0.69212395,9.775877
758331004964821,-0.2835495,0.6897311,9.785448
758331013657425,-0.28115666,0.6897311,9.783055
758331022350029,-0.2883351,0.6873383,9.802198
758331031042633,-0.2883351,0.6945168,9.795019
758331039735289,-0.29312077,0.69212395,9.787841
758331048427893,-0.29312077,0.68255264,9.77827
758331057120498,-0.29072794,0.6873383,9.792626
758331065813154,-0.2883351,0.68255264,9.768699
758331074505758,-0.276371,0.6945168,9.795019
758331083198414,-0.28594232,0.6897311,9.77827
758331091891018,-0.2835495,0.6873383,9.795019
758331100583623,-0.28594232,0.6897311,9.787841
758331109276227,-0.2835495,0.68255264,9.775877
758331117968883,-0.2835495,0.68255264,9.799805
758331126661487,-0.29072794,0.67776704,9.780663
758331135354091,-0.27876383,0.68255264,9.792626
758331144046748,-0.28594232,0.6873383,9.790234
758331152739352,-0.27876383,0.6969096,9.785448
758331161431956,-0.2835495,0.69212395,9.773484
758331170124560,-0.2955136,0.68494546,9.785448
758331178817216,-0.2883351,0.68255264,9.787841
758331187509821,-0.29072794,0.6873383,9.783055
758331196202477,-0.29072794,0.69212395,9.797412
758331204895081,-0.29312077,0.69212395,9.792626
758331213587685,-0.2883351,0.69212395,9.766306
758331222280289,-0.2883351,0.67776704,9.783055
758331230972946,-0.2883351,0.68494546,9.775877
758331239665550,-0.28594232,0.68255264,9.799805
758331248358154,-0.29072794,0.6897311,9.790234
758331257050810,-0.28594232,0.68255264,9.780663
758331265743414,-0.28594232,0.6969096,9.785448
758331274436071,-0.28594232,0.6897311,9.771091
758331283128675,-0.2883351,0.69212395,9.790234
758331291821279,-0.29790643,0.6945168,9.792626
758331300513883,-0.28115666,0.6873383,9.797412
758331309206539,-0.2883351,0.69212395,9.799805
758331317899143,-0.2883351,0.6945168,9.77827
758331326591748,-0.28115666,0.6873383,9.783055
758331335284404,-0.2955136,0.6801598,9.76152
758331343977008,-0.29072794,0.68494546,9.790234
758331352669612,-0.29312077,0.6897311,9.795019
758331361362268,-0.29072794,0.6873383,9.804591
758331370054873,-0.28594232,0.6969096,9.792626
758331378747477,-0.2955136,0.6945168,9.768699
758331387440133,-0.28594232,0.68494546,9.797412
758331396132737,-0.28594232,0.68494546,9.77827
758331404825341,-0.29790643,0.6873383,9.792626
758331413517998,-0.29312077,0.6897311,9.785448
758331422210602,-0.2835495,0.70169526,9.799805
758331430903206,-0.2835495,0.68494546,9.77827
758331439595810,-0.28594232,0.6897311,9.780663
758331448288466,-0.29312077,0.68255264,9.768699
758331456981071,-0.28594232,0.69212395,9.802198
758331465673675,-0.29072794,0.6897311,9.773484
758331474366331,-0.2883351,0.69212395,9.797412
758331483058935,-0.29312077,0.6945168,9.759128
758331491751539,-0.28594232,0.68255264,9.802198
758331500444196,-0.28594232,0.68494546,9.792626
758331509136800,-0.2835495,0.67776704,9.780663
758331517829404,-0.2835495,0.6897311,9.787841
758331526522060,-0.28594232,0.68494546,9.771091
758331535214664,-0.28594232,0.68494546,9.792626
758331543907268,-0.29312077,0.68255264,9.787841
758331552599925,-0.276371,0.6801598,9.806984
758331561292529,-0.2883351,0.6873383,9.783055
758331569985133,-0.28115666,0.6801598,9.77827
758331578677789,-0.28594232,0.6873383,9.77827
758331587370393,-0.30029923,0.6873383,9.775877
758331596062998,-0.28594232,0.67776704,9.818948
758331604755654,-0.2955136,0.6897311,9.780663
758331613448258,-0.2883351,0.68255264,9.787841
758331622140862,-0.28594232,0.6945168,9.775877
758331630833466,-0.29072794,0.6945168,9.790234
758331639526123,-0.28115666,0.69212395,9.775877
758331648218727,-0.2883351,0.6969096,9.773484
758331656911331,-0.2835495,0.69212395,9.799805
758331665603987,-0.30029923,0.6945168,9.802198
758331674296591,-0.28594232,0.69212395,9.787841
758331682989196,-0.28594232,0.6945168,9.797412
758331691681852,-0.2883351,0.68255264,9.771091
758331700374456,-0.2835495,0.68494546,9.802198
758331709067060,-0.2955136,0.6801598,9.771091
758331717759716,-0.28594232,0.6873383,9.797412
758331726452321,-0.29072794,0.68494546,9.790234
758331735144925,-0.2835495,0.6873383,9.797412
758331743837581,-0.29312077,0.68494546,9.775877
758331752530185,-0.28594232,0.6897311,9.780663
758331761222789,-0.28594232,0.69212395,9.787841
758331769915446,-0.29072794,0.69930243,9.785448
758331778608050,-0.29072794,0.6897311,9.792626
758331787300654,-0.2835495,0.6897311,9.792626
758331795993310,-0.29312077,0.69212395,9.785448
758331804685914,-0.2883351,0.68255264,9.792626
758331813378518,-0.2883351,0.69212395,9.787841
758331822071123,-0.2883351,0.69212395,9.787841
758331830763779,-0.28594232,0.6873383,9.787841
758331839456383,-0.2883351,0.68494546,9.775877
758331848148987,-0.29072794,0.6801598,9.795019
758331856841643,-0.2835495,0.6873383,9.77827
758331865534248,-0.2883351,0.69212395,9.797412
758331874226852,-0.29312077,0.6897311,9.771091
758331882919508,-0.27876383,0.6897311,9.790234
758331891612112,-0.27876383,0.6897311,9.780663
758331900304716,-0.29072794,0.69212395,9.790234
758331908997373,-0.28594232,0.68494546,9.785448
758331917689977,-0.29072794,0.69212395,9.787841
758331926382581,-0.2835495,0.6873383,9.785448
758331935075237,-0.2835495,0.6897311,9.792626
758331943767841,-0.2883351,0.68255264,9.775877
758331952460446,-0.2835495,0.69212395,9.799805
758331961153050,-0.2883351,0.68494546,9.77827
758331969845706,-0.2835495,0.6873383,9.797412
758331978538310,-0.29072794,0.68494546,9.77827
758331987230966,-0.28594232,0.6897311,9.797412
758331995923571,-0.29072794,0.6897311,9.771091
758332004616175,-0.28594232,0.6897311,9.802198
758332013308779,-0.28594232,0.6897311,9.77827
758332022001435,-0.2883351,0.69212395,9.792626
758332030694039,-0.28115666,0.6873383,9.787841
758332039386643,-0.29072794,0.69212395,9.783055
758332048079300,-0.28594232,0.67776704,9.773484
758332056771904,-0.2835495,0.6873383,9.785448
758332065464508,-0.2835495,0.6873383,9.77827
758332074157164,-0.29072794,0.6873383,9.797412
758332082849768,-0.29072794,0.6945168,9.771091
758332091542373,-0.29072794,0.6897311,9.799805
758332100235029,-0.27876383,0.69212395,9.768699
758332108927633,-0.2883351,0.6897311,9.790234
758332117620237,-0.29072794,0.69212395,9.766306
758332126312841,-0.28594232,0.68494546,9.797412
758332135005498,-0.29312077,0.6945168,9.77827
758332143698102,-0.29072794,0.68494546,9.787841
758332152390758,-0.2883351,0.68494546,9.783055
758332161083362,-0.2883351,0.68494546,9.783055
758332169775966,-0.2883351,0.6873383,9.783055
758332178468571,-0.29312077,0.6873383,9.780663
758332187161227,-0.28594232,0.6897311,9.77827
758332195853831,-0.29072794,0.6873383,9.787841
758332204546435,-0.2883351,0.6945168,9.780663
758332213239091,-0.28594232,0.68255264,9.792626
758332221931696,-0.29312077,0.68494546,9.775877
758332230624300,-0.2883351,0.6873383,9.790234
758332239316956,-0.2883351,0.6897311,9.790234
758332248009560,-0.2835495,0.6897311,9.780663
758332256702164,-0.28594232,0.68494546,9.785448
758332265394821,-0.29072794,0.6873383,9.773484
758332274087425,-0.28594232,0.6873383,9.790234
758332282780029,-0.29072794,0.68494546,9.783055
758332291472633,-0.29072794,0.6897311,9.787841
758332300165289,-0.29312077,0.69212395,9.802198
758332308857893,-0.2835495,0.6897311,9.77827
758332317550498,-0.27876383,0.6969096,9.795019
758332326243154,-0.29312077,0.68494546,9.780663
758332334935758,-0.28115666,0.69212395,9.790234
758332343628362,-0.29072794,0.68494546,9.783055
758332352321018,-0.2883351,0.6945168,9.785448
758332361013623,-0.2883351,0.6873383,9.795019
758332369706227,-0.29072794,0.6945168,9.77827
758332378398883,-0.28594232,0.67776704,9.797412
758332387091487,-0.29072794,0.6801598,9.768699
758332395784091,-0.2955136,0.6801598,9.783055
758332404476748,-0.29072794,0.69212395,9.783055
758332413169352,-0.29072794,0.68255264,9.790234
758332421861956,-0.29072794,0.69212395,9.809377
758332430554560,-0.2955136,0.69212395,9.773484
758332439247216,-0.27876383,0.6945168,9.790234
758332447939821,-0.2883351,0.6873383,9.773484
758332456632425,-0.2835495,0.6873383,9.775877
758332465325081,-0.30269206,0.68494546,9.804591
758332474017685,-0.2835495,0.6873383,9.780663
758332482710289,-0.28115666,0.6897311,9.804591
758332491402946,-0.28594232,0.6873383,9.771091
758332500095550,-0.2835495,0.6873383,9.785448
758332508788154,-0.29312077,0.68494546,9.775877
758332517480810,-0.2955136,0.68255264,9.790234
758332526173414,-0.28594232,0.68494546,9.802198
758332534866018,-0.2883351,0.6897311,9.797412
758332543558675,-0.28594232,0.69930243,9.780663
758332552251279,-0.28594232,0.6873383,9.773484
758332560943883,-0.2883351,0.68255264,9.771091
758332569636539,-0.2883351,0.6873383,9.797412
758332578329143,-0.29312077,0.69212395,9.799805
758332587021748,-0.28594232,0.68255264,9.790234
758332595714352,-0.2883351,0.69212395,9.780663
758332604407008,-0.29072794,0.6873383,9.783055
758332613099612,-0.29072794,0.6873383,9.780663
758332621792216,-0.27876383,0.69212395,9.790234
758332630484873,-0.28594232,0.68494546,9.785448
758332639177477,-0.2883351,0.68255264,9.792626
758332647870081,-0.29072794,0.6945168,9.77827
758332656562737,-0.29072794,0.68494546,9.785448
758332665255341,-0.2883351,0.6897311,9.785448
758332673947946,-0.28594232,0.6897311,9.780663
758332682640602,-0.29072794,0.6873383,9.787841
758332691333206,-0.29072794,0.6897311,9.785448
758332700025810,-0.2955136,0.6873383,9.787841
758332708718466,-0.2883351,0.6873383,9.787841
758332717411071,-0.2955136,0.6897311,9.802198
758332726103675,-0.29072794,0.68494546,9.783055
758332734796279,-0.29790643,0.68494546,9.804591
758332743488935,-0.28115666,0.6897311,9.77827
758332752181539,-0.2835495,0.6897311,9.797412
758332760874143,-0.29072794,0.6945168,9.768699
758332769566800,-0.29072794,0.6897311,9.787841
758332778259404,-0.2883351,0.68494546,9.780663
758332786952008,-0.29072794,0.6801598,9.792626
758332795644664,-0.2835495,0.68255264,9.77827
758332804337268,-0.29072794,0.6897311,9.787841
758332813029873,-0.2883351,0.69212395,9.77827
758332821722529,-0.2883351,0.68255264,9.785448
758332830415133,-0.2835495,0.6753742,9.773484
758332839107737,-0.29312077,0.69212395,9.797412
758332847800393,-0.29072794,0.6897311,9.773484
758332856492998,-0.28594232,0.6897311,9.806984
758332865185602,-0.29072794,0.6873383,9.77827
758332873878258,-0.27876383,0.6897311,9.787841
758332882570862,-0.2883351,0.6873383,9.77827
758332891263466,-0.2883351,0.68494546,9.780663
758332899956071,-0.2835495,0.6897311,9.795019
758332908648727,-0.29072794,0.6969096,9.775877
758332917341331,-0.2835495,0.6801598,9.790234
758332926033987,-0.28594232,0.6969096,9.795019
758332934726539,-0.2883351,0.68255264,9.76152
758332943419196,-0.29072794,0.68255264,9.785448
758332952111800,-0.2883351,0.6801598,9.766306
758332960804456,-0.2883351,0.6873383,9.804591
758332969497060,-0.29072794,0.69212395,9.773484
758332978189664,-0.27876383,0.6873383,9.804591
758332986882321,-0.29072794,0.68255264,9.773484
758332995574925,-0.2835495,0.6873383,9.785448
758333004267529,-0.2955136,0.6873383,9.780663
758333012960133,-0.29312077,0.70169526,9.773484
758333021652789,-0.2955136,0.68494546,9.799805
758333030345393,-0.29072794,0.70169526,9.780663
758333039037998,-0.2835495,0.68255264,9.787841
758333047730654,-0.28594232,0.68494546,9.76152
758333056423258,-0.29072794,0.6801598,9.780663
758333065115862,-0.28594232,0.6897311,9.790234
758333073808518,-0.29312077,0.6897311,9.787841
758333082501123,-0.28115666,0.6897311,9.792626
758333091193727,-0.29072794,0.68494546,9.792626
758333099886383,-0.28594232,0.69212395,9.773484
758333108578987,-0.2835495,0.6873383,9.802198
758333117271591,-0.29072794,0.68494546,9.763913
758333125964248,-0.2883351,0.68494546,9.804591
758333134656852,-0.28594232,0.6897311,9.780663
758333143349456,-0.29072794,0.6873383,9.792626
758333152042112,-0.28594232,0.6897311,9.790234
758333160734716,-0.2883351,0.68255264,9.77827
758333169427321,-0.29312077,0.6873383,9.783055
758333178119925,-0.29312077,0.68494546,9.768699
758333186812581,-0.2883351,0.69212395,9.792626
758333195505185,-0.29072794,0.69212395,9.799805
758333204197789,-0.2835495,0.6897311,9.780663
758333212890446,-0.2835495,0.6873383,9.787841
758333221583050,-0.2835495,0.68494546,9.77827
758333230275654,-0.28115666,0.68494546,9.783055
758333238968310,-0.2883351,0.6897311,9.780663
758333247660914,-0.2835495,0.6897311,9.783055
758333256353518,-0.2835495,0.6945168,9.802198
758333265046123,-0.2883351,0.6897311,9.773484
758333273738779,-0.28115666,0.6897311,9.783055
758333282431383,-0.29312077,0.6945168,9.773484
758333291123987,-0.2883351,0.6897311,9.792626
758333299816643,-0.28594232,0.6873383,9.787841
758333308509248,-0.28594232,0.6969096,9.783055
758333317201852,-0.2835495,0.69212395,9.790234
758333325894508,-0.29312077,0.6873383,9.783055
758333334587112,-0.2835495,0.68255264,9.790234
758333343279716,-0.29072794,0.6873383,9.77827
758333351972373,-0.2883351,0.6969096,9.783055
758333360664977,-0.29312077,0.6897311,9.787841
758333369357581,-0.2883351,0.6945168,9.790234
758333378050237,-0.29072794,0.6873383,9.763913
758333386742841,-0.28115666,0.6873383,9.792626
758333395435446,-0.2883351,0.68255264,9.771091
758333404128102,-0.29072794,0.6945168,9.809377
758333412820706,-0.29312077,0.6897311,9.771091
758333421513310,-0.2883351,0.69212395,9.804591
758333430205914,-0.2883351,0.69212395,9.773484
758333438898571,-0.29072794,0.6945168,9.799805
758333447591175,-0.28594232,0.6945168,9.766306
758333456283779,-0.29072794,0.68494546,9.77827
758333464976383,-0.29072794,0.6897311,9.787841
758333473669039,-0.29312077,0.6897311,9.790234
758333482361643,-0.29312077,0.6873383,9.795019
758333491054248,-0.2955136,0.6801598,9.77827
758333499746904,-0.28115666,0.69212395,9.804591
758333508439508,-0.29072794,0.6897311,9.775877
758333517132112,-0.29072794,0.6969096,9.799805
758333525824768,-0.28594232,0.69212395,9.783055
758333534517373,-0.2955136,0.68255264,9.77827
758333543209977,-0.2883351,0.69212395,9.785448
758333551902633,-0.2883351,0.69212395,9.795019
758333560595237,-0.2883351,0.6873383,9.780663
758333569287841,-0.29072794,0.68494546,9.795019
758333577980498,-0.2835495,0.6873383,9.783055
758333586673102,-0.29072794,0.6753742,9.795019
758333595365706,-0.29312077,0.6897311,9.783055
758333604058310,-0.2955136,0.6801598,9.785448
758333612750966,-0.27876383,0.69212395,9.792626
758333621443571,-0.29072794,0.68494546,9.775877
758333630136175,-0.29072794,0.6873383,9.795019
758333638828831,-0.2883351,0.6897311,9.766306
758333647521435,-0.28115666,0.69212395,9.802198
758333656214039,-0.29072794,0.68494546,9.771091
758333664906643,-0.2955136,0.69212395,9.797412
758333673599300,-0.28594232,0.67776704,9.783055
758333682291904,-0.2883351,0.69212395,9.783055
758333690984560,-0.28594232,0.6801598,9.780663
758333699677164,-0.28594232,0.68494546,9.773484
758333708369768,-0.2835495,0.6897311,9.783055
758333717062425,-0.29072794,0.6897311,9.783055
758333725755029,-0.29072794,0.6897311,9.77827
758333734447633,-0.27876383,0.6873383,9.795019
758333743140237,-0.29072794,0.6873383,9.780663
758333751832893,-0.2835495,0.6945168,9.787841
758333760525498,-0.2955136,0.6873383,9.768699
758333769218102,-0.29312077,0.6873383,9.783055
758333777910758,-0.2883351,0.6873383,9.792626
758333786603362,-0.28594232,0.6801598,9.783055
758333795295966,-0.276371,0.70169526,9.809377
758333803988571,-0.2883351,0.6873383,9.768699
758333812681227,-0.28594232,0.68494546,9.790234
758333821373831,-0.2835495,0.6873383,9.792626
758333830066487,-0.27876383,0.68494546,9.783055
758333838759091,-0.29072794,0.68494546,9.775877
758333847451696,-0.29312077,0.68494546,9.809377
758333856144300,-0.276371,0.6801598,9.790234
758333864836956,-0.28115666,0.6969096,9.785448
758333873529560,-0.2883351,0.68494546,9.766306
758333882222164,-0.2835495,0.6801598,9.787841
758333890914821,-0.29072794,0.68494546,9.790234
758333899607425,-0.29072794,0.68255264,9.792626
758333908300029,-0.2883351,0.6945168,9.785448
758333916992685,-0.2883351,0.6945168,9.806984
758333925685289,-0.28594232,0.6873383,9.768699
758333934377893,-0.29072794,0.6897311,9.785448
758333943070498,-0.29072794,0.6873383,9.77827
758333951763154,-0.29072794,0.6801598,9.792626
758333960455758,-0.29312077,0.68494546,9.783055
758333969148362,-0.2883351,0.68255264,9.795019
758333977841018,-0.28594232,0.6897311,9.77827
758333986533623,-0.28594232,0.6873383,9.775877
758333995226227,-0.28115666,0.68494546,9.780663
758334003918883,-0.2835495,0.6801598,9.797412
758334012611487,-0.2883351,0.6801598,9.775877
758334021304091,-0.28594232,0.69212395,9.797412
758334029996696,-0.29312077,0.6873383,9.775877
758334038689352,-0.2883351,0.69930243,9.802198
758334047381956,-0.2835495,0.6945168,9.783055
758334056074560,-0.28594232,0.68494546,9.790234
758334064767216,-0.2835495,0.6897311,9.775877
758334073459821,-0.2835495,0.6969096,9.787841
758334082152425,-0.29072794,0.6753742,9.787841
758334090845081,-0.28594232,0.6801598,9.780663
758334099537685,-0.29072794,0.6873383,9.790234
758334108230289,-0.28594232,0.69212395,9.783055
758334116922946,-0.276371,0.6801598,9.787841
758334125615550,-0.2883351,0.69212395,9.785448
758334134308154,-0.28594232,0.6801598,9.775877
758334143000758,-0.2835495,0.68494546,9.792626
758334151693414,-0.29312077,0.6897311,9.785448
758334160386018,-0.28594232,0.6897311,9.802198
758334169078623,-0.28594232,0.6873383,9.766306
758334177771279,-0.2835495,0.6969096,9.790234
758334186463883,-0.2883351,0.6801598,9.775877
758334195156487,-0.28594232,0.68494546,9.790234
758334203849143,-0.29312077,0.6873383,9.785448
758334212541748,-0.29072794,0.6897311,9.785448
758334221234352,-0.2883351,0.68494546,9.780663
758334229927008,-0.2883351,0.6873383,9.799805
758334238619612,-0.2883351,0.6873383,9.771091
758334247312216,-0.27876383,0.69212395,9.787841
758334256004873,-0.28115666,0.6897311,9.771091
758334264697477,-0.2883351,0.69212395,9.797412
758334273390081,-0.28594232,0.68255264,9.768699
758334282082737,-0.29312077,0.68494546,9.797412
758334290775341,-0.29072794,0.68494546,9.77827
758334299467946,-0.29072794,0.68494546,9.797412
758334308160550,-0.28115666,0.6873383,9.785448
758334316853206,-0.2883351,0.67776704,9.773484
758334325545810,-0.2883351,0.6873383,9.77827
758334334238414,-0.2835495,0.68494546,9.795019
758334342931071,-0.2883351,0.69212395,9.790234
758334351623675,-0.2835495,0.6945168,9.802198
758334360316279,-0.28594232,0.68494546,9.773484
758334369008935,-0.27876383,0.6897311,9.790234
758334377701539,-0.2883351,0.68494546,9.763913
758334386394143,-0.28594232,0.6873383,9.773484
758334395086748,-0.2883351,0.6945168,9.783055
758334403779404,-0.2883351,0.69930243,9.785448
758334412472008,-0.2883351,0.69212395,9.787841
758334421164612,-0.2883351,0.69212395,9.77827
758334429857268,-0.28594232,0.68494546,9.792626
758334438549873,-0.29312077,0.68494546,9.768699
758334447242477,-0.2835495,0.6873383,9.799805
758334455935133,-0.2883351,0.6873383,9.775877
758334464627737,-0.28594232,0.6897311,9.804591
758334473320341,-0.28594232,0.68494546,9.785448
758334482012998,-0.29790643,0.6897311,9.780663
758334490705602,-0.28115666,0.6897311,9.775877
758334499398206,-0.28594232,0.6873383,9.780663
758334508090810,-0.2883351,0.6945168,9.771091
758334516783466,-0.2955136,0.6969096,9.804591
758334525476071,-0.2883351,0.68494546,9.771091
758334534168675,-0.2835495,0.6897311,9.795019
758334542861331,-0.28594232,0.69212395,9.759128
758334551553935,-0.29312077,0.69212395,9.785448
758334560246539,-0.28594232,0.6873383,9.775877
758334568939196,-0.28594232,0.6945168,9.802198
758334577631800,-0.29072794,0.69212395,9.790234
758334586324404,-0.29072794,0.69212395,9.787841
758334595017008,-0.2835495,0.6873383,9.785448
758334603709664,-0.28594232,0.68255264,9.787841
758334612402268,-0.28115666,0.6873383,9.771091
758334621094873,-0.2955136,0.6873383,9.816555
758334629787529,-0.29072794,0.68255264,9.766306
758334638480133,-0.2835495,0.69212395,9.818948
758334647172737,-0.29072794,0.68255264,9.771091
758334655865393,-0.2835495,0.68494546,9.802198
758334664557998,-0.28115666,0.69930243,9.773484
758334673250602,-0.2955136,0.6897311,9.780663
758334681943258,-0.28594232,0.6945168,9.785448
758334690635862,-0.2955136,0.68255264,9.792626
758334699328466,-0.29312077,0.68255264,9.795019
758334708021123,-0.29790643,0.6873383,9.780663
758334716713727,-0.2883351,0.69212395,9.787841
758334725406331,-0.29072794,0.6945168,9.783055
758334734098935,-0.29072794,0.6897311,9.773484
758334742791591,-0.2835495,0.68494546,9.780663
758334751484196,-0.28594232,0.6873383,9.785448
758334760176800,-0.28594232,0.6873383,9.787841
758334768869456,-0.2883351,0.69212395,9.790234
758334777562060,-0.29072794,0.6897311,9.773484
758334786254664,-0.28594232,0.68255264,9.783055
758334794947321,-0.29072794,0.68494546,9.773484
758334803639925,-0.28115666,0.69930243,9.802198
758334812332529,-0.28594232,0.68255264,9.780663
758334821025185,-0.2883351,0.6873383,9.787841
758334829717789,-0.29072794,0.6873383,9.780663
758334838410393,-0.29072794,0.6873383,9.787841
758334847103050,-0.2835495,0.6945168,9.802198
758334855795654,-0.29072794,0.69212395,9.766306
758334864488258,-0.28115666,0.6897311,9.797412
758334873180862,-0.29072794,0.6897311,9.76152
758334881873518,-0.2883351,0.68494546,9.785448
758334890566123,-0.29072794,0.6897311,9.790234
758334899258727,-0.2883351,0.68255264,9.795019
758334907951383,-0.28115666,0.69212395,9.780663
758334916643987,-0.28115666,0.6897311,9.787841
758334925336591,-0.2835495,0.6897311,9.775877
758334934029248,-0.2883351,0.6897311,9.787841
758334942721852,-0.2835495,0.68494546,9.773484
758334951414456,-0.2883351,0.68494546,9.799805
758334960107112,-0.2955136,0.6945168,9.783055
758334968799716,-0.2883351,0.69212395,9.785448
758334977492321,-0.29072794,0.6945168,9.77827
758334986184977,-0.2883351,0.68494546,9.783055
758334994877581,-0.2835495,0.68494546,9.787841
758335003570185,-0.29072794,0.6897311,9.780663
758335012262789,-0.29072794,0.6897311,9.783055
758335020955446,-0.2883351,0.69212395,9.790234
758335029648050,-0.2883351,0.6897311,9.780663
758335038340654,-0.2883351,0.67776704,9.790234
758335047033258,-0.2883351,0.6873383,9.785448
758335055725914,-0.29072794,0.6945168,9.780663
758335064418518,-0.2955136,0.68255264,9.783055
758335073111175,-0.29312077,0.69212395,9.787841
758335081803779,-0.29312077,0.69212395,9.785448
758335090496383,-0.28594232,0.69212395,9.787841
758335099189039,-0.28594232,0.69930243,9.792626
758335107881643,-0.29072794,0.6897311,9.77827
758335116574248,-0.2739782,0.6945168,9.790234
758335125266904,-0.29312077,0.6873383,9.783055
758335133959508,-0.28594232,0.6801598,9.799805
758335142652112,-0.29312077,0.6897311,9.783055
758335151344716,-0.2883351,0.6945168,9.792626
758335160037373,-0.276371,0.6945168,9.775877
758335168729977,-0.28594232,0.6897311,9.766306
758335177422581,-0.28594232,0.68255264,9.775877
758335186115237,-0.276371,0.6873383,9.749556
758335194807841,-0.28594232,0.68255264,9.8428755
758335203500446,-0.30987054,0.68255264,9.806984
758335212193102,-0.27876383,0.7040881,9.792626
758335220885706,-0.2739782,0.70169526,9.754341
758335229578310,-0.29072794,0.6897311,9.768699
758335238270966,-0.2883351,0.68494546,9.787841
758335246963571,-0.29312077,0.6801598,9.792626
758335255656175,-0.30269206,0.6873383,9.797412
758335264348831,-0.29072794,0.69212395,9.795019
758335273041435,-0.2835495,0.6945168,9.792626
758335281734039,-0.28115666,0.6897311,9.759128
758335290426696,-0.29072794,0.68255264,9.773484
758335299119300,-0.2883351,0.6873383,9.787841
758335307811904,-0.2835495,0.6945168,9.804591
758335316504508,-0.29072794,0.69930243,9.790234
758335325197164,-0.2883351,0.69212395,9.785448
758335333889768,-0.2883351,0.6873383,9.783055
758335342582373,-0.28594232,0.68494546,9.77827
758335351275029,-0.28115666,0.68255264,9.790234
758335359967633,-0.2835495,0.6969096,9.780663
758335368660237,-0.2883351,0.69212395,9.797412
758335377352893,-0.2883351,0.6801598,9.790234
758335386045498,-0.28594232,0.6897311,9.797412
758335394738102,-0.2835495,0.6897311,9.773484
758335403430758,-0.28594232,0.6873383,9.771091
758335412123362,-0.2883351,0.69930243,9.799805
758335420815966,-0.2835495,0.6873383,9.785448
758335429508571,-0.28594232,0.6969096,9.792626
758335438201227,-0.2883351,0.6897311,9.771091
758335446893831,-0.2883351,0.6801598,9.787841
758335455586487,-0.27876383,0.68255264,9.787841
758335464279091,-0.29312077,0.68255264,9.773484
758335472971696,-0.2835495,0.68494546,9.780663
758335481664300,-0.30029923,0.69212395,9.773484
758335490356956,-0.29072794,0.6969096,9.792626
758335499049560,-0.29072794,0.6945168,9.797412
758335507742164,-0.2883351,0.6897311,9.768699
758335516434821,-0.29312077,0.6897311,9.787841
758335525127425,-0.29790643,0.6801598,9.775877
758335533820029,-0.2835495,0.69212395,9.804591
758335542512685,-0.28594232,0.6873383,9.773484
758335551205289,-0.29072794,0.6897311,9.790234
758335559897893,-0.2835495,0.69212395,9.787841
758335568590550,-0.28594232,0.6801598,9.792626
758335577283154,-0.29312077,0.6873383,9.775877
758335585975758,-0.2883351,0.67776704,9.780663
758335594668362,-0.28115666,0.68255264,9.787841
758335603361018,-0.2835495,0.68494546,9.792626
758335612053623,-0.29312077,0.68255264,9.766306
758335620746227,-0.29072794,0.68494546,9.783055
758335629438883,-0.2835495,0.6873383,9.785448
758335638131487,-0.27876383,0.68255264,9.795019
758335646824091,-0.29072794,0.6897311,9.77827
758335655516748,-0.29072794,0.68494546,9.780663
758335664209352,-0.2883351,0.6873383,9.785448
758335672901956,-0.2955136,0.69212395,9.787841
758335681594612,-0.2883351,0.68494546,9.785448
758335690287216,-0.29072794,0.6897311,9.76152
758335698979821,-0.28594232,0.6897311,9.790234
758335707672425,-0.29072794,0.6873383,9.783055
758335716365081,-0.28594232,0.68255264,9.797412
758335725057685,-0.29312077,0.68255264,9.783055
758335733750341,-0.28115666,0.6897311,9.775877
758335742442946,-0.2955136,0.6945168,9.787841
758335751135550,-0.2883351,0.69212395,9.773484
758335759828154,-0.29072794,0.68255264,9.797412
758335768520810,-0.29072794,0.6945168,9.785448
758335777213414,-0.29072794,0.6801598,9.792626
758335785906018,-0.29072794,0.68494546,9.790234
758335794598675,-0.2883351,0.69212395,9.775877
758335803291279,-0.2835495,0.68494546,9.77827
758335811983883,-0.2955136,0.6897311,9.787841
758335820676539,-0.28594232,0.6945168,9.785448
758335829369143,-0.30029923,0.6873383,9.763913
758335838061748,-0.29312077,0.6897311,9.790234
758335846754404,-0.29312077,0.69930243,9.797412
758335855447008,-0.28594232,0.68255264,9.795019
758335864139612,-0.2835495,0.68494546,9.773484
758335872832268,-0.29072794,0.68255264,9.768699
758335881524873,-0.29072794,0.6873383,9.787841
758335890217477,-0.2835495,0.6897311,9.804591
758335898910133,-0.29072794,0.6873383,9.785448
758335907602737,-0.29072794,0.67776704,9.790234
758335916295341,-0.28594232,0.6873383,9.773484
758335924987998,-0.2835495,0.6873383,9.783055
758335933680602,-0.2883351,0.6873383,9.790234
758335942373206,-0.29312077,0.68494546,9.783055
758335951065810,-0.28594232,0.6969096,9.802198
758335959758466,-0.29312077,0.68494546,9.785448
758335968451071,-0.28115666,0.68255264,9.790234
758335977143675,-0.2883351,0.6897311,9.780663
758335985836331,-0.27876383,0.68494546,9.783055
758335994528935,-0.29072794,0.69212395,9.790234
758336003221539,-0.29312077,0.6873383,9.775877
758336011914196,-0.29312077,0.68494546,9.790234
758336020606800,-0.28594232,0.68494546,9.775877
758336029299404,-0.28115666,0.6873383,9.799805
758336037992060,-0.28594232,0.6969096,9.783055
758336046684664,-0.29072794,0.6873383,9.775877
758336055377268,-0.2883351,0.6873383,9.775877
758336064069925,-0.29072794,0.6897311,9.787841
758336072762529,-0.2835495,0.6897311,9.795019
758336081455133,-0.2835495,0.6897311,9.783055
758336090147789,-0.29072794,0.6945168,9.780663
758336098840393,-0.28594232,0.6945168,9.77827
758336107532998,-0.28115666,0.6897311,9.783055
758336116225654,-0.29072794,0.68255264,9.771091
758336124918258,-0.29312077,0.6873383,9.780663
758336133610862,-0.29312077,0.6897311,9.785448
758336142303466,-0.2835495,0.6897311,9.790234
758336150996123,-0.29312077,0.68494546,9.77827
758336159688727,-0.2883351,0.6897311,9.785448
758336168381331,-0.29072794,0.68255264,9.77827
758336177073987,-0.2883351,0.6897311,9.790234
758336185766591,-0.29072794,0.6873383,9.785448
758336194459196,-0.29072794,0.69212395,9.799805
758336203151852,-0.2883351,0.6897311,9.77827
758336211844456,-0.2835495,0.6873383,9.787841
758336220537060,-0.2883351,0.6945168,9.787841
758336229229716,-0.29312077,0.68494546,9.780663
758336237922321,-0.29072794,0.68255264,9.785448
758336246614925,-0.2955136,0.6897311,9.768699
758336255307581,-0.28594232,0.6969096,9.785448
758336264000185,-0.29312077,0.6873383,9.77827
758336272692789,-0.2883351,0.68255264,9.780663
758336281385446,-0.2955136,0.6897311,9.77827
758336290078050,-0.29072794,0.6897311,9.775877
758336298770654,-0.29072794,0.68494546,9.787841
758336307463310,-0.29072794,0.69212395,9.77827
758336316155914,-0.29312077,0.68494546,9.795019
758336324848518,-0.28594232,0.6873383,9.792626
758336333541175,-0.28594232,0.69212395,9.783055
758336342233779,-0.29312077,0.69212395,9.785448
758336350926383,-0.2955136,0.6945168,9.77827
758336359618987,-0.28594232,0.69212395,9.783055
758336368311643,-0.2883351,0.69212395,9.785448
758336377004248,-0.2835495,0.68255264,9.790234
758336385696852,-0.28115666,0.68494546,9.780663
758336394389508,-0.28594232,0.6969096,9.780663
758336403082112,-0.29072794,0.6897311,9.787841
758336411774716,-0.28594232,0.6873383,9.773484
758336420467373,-0.2835495,0.6873383,9.792626
758336429159977,-0.28594232,0.69212395,9.775877
758336437852581,-0.29072794,0.6897311,9.780663
758336446545237,-0.2883351,0.6897311,9.785448
758336455237841,-0.2883351,0.6897311,9.787841
758336463930498,-0.28594232,0.6897311,9.797412
758336472623102,-0.29790643,0.67776704,9.771091
758336481315706,-0.2883351,0.6897311,9.804591
758336490008310,-0.29312077,0.69212395,9.771091
758336498700966,-0.29072794,0.68494546,9.790234
758336507393571,-0.28594232,0.6945168,9.783055
758336516086175,-0.29312077,0.6897311,9.775877
758336524778831,-0.28115666,0.69212395,9.795019
