timestamp_ns,x_rad_s,y_rad_s,z_rad_s
758330537232893,-4.581486E-4,0.0012217296,3.054324E-4
758330558964456,-3.054324E-4,-0.0019853106,4.581486E-4
758330580695966,-0.0012217296,0.0015271619,0.0
758330602427529,-7.6358096E-4,4.581486E-4,-3.054324E-4
758330624159091,3.054324E-4,-0.0013744457,-4.581486E-4
758330645890654,-7.6358096E-4,0.0019853106,3.054324E-4
758330667622164,4.581486E-4,-9.162972E-4,0.0
758330689353727,-0.0,-7.6358096E-4,-3.054324E-4
758330711085289,-4.581486E-4,0.0010690134,3.054324E-4
758330732816852,7.6358096E-4,-0.0013744457,3.054324E-4
758330754548414,4.581486E-4,-0.0013744457,4.581486E-4
758330776279925,-3.054324E-4,4.581486E-4,-3.054324E-4
758330798011487,7.6358096E-4,-0.0012217296,0.0
758330819743050,4.581486E-4,-9.162972E-4,0.0
758330841474612,4.581486E-4,-4.581486E-4,-3.054324E-4
758330863206175,4.581486E-4,-7.6358096E-4,7.6358096E-4
758330884937685,-4.581486E-4,4.581486E-4,-3.054324E-4
758330906669248,-3.054324E-4,3.054324E-4,0.0
758330928400810,4.581486E-4,-9.162972E-4,3.054324E-4
758330950132373,-4.581486E-4,0.0010690134,0.0
758330971863935,-3.054324E-4,-1.527162E-4,-3.054324E-4
758330993595446,-3.054324E-4,-9.162972E-4,0.0
758331015327008,-0.0,-1.527162E-4,3.054324E-4
758331037058571,-0.0,3.054324E-4,-3.054324E-4
758331058790133,3.054324E-4,-0.0012217296,3.054324E-4
758331080521696,-0.0,-9.162972E-4,-3.054324E-4
758331102253206,-4.581486E-4,-1.527162E-4,-3.054324E-4
758331123984768,-0.0,-1.527162E-4,3.054324E-4
758331145716331,3.054324E-4,-4.581486E-4,0.0
758331167447893,-4.581486E-4,4.581486E-4,3.054324E-4
758331189179456,-3.054324E-4,-7.6358096E-4,3.054324E-4
758331210910966,3.054324E-4,-0.0012217296,0.0
758331232642529,-9.162972E-4,7.6358096E-4,-4.581486E-4
758331254374091,9.162972E-4,-0.0016798781,0.0
758331276105654,-4.581486E-4,4.581486E-4,4.581486E-4
758331297837164,-3.054324E-4,0.0,3.054324E-4
758331319568727,9.162972E-4,-0.0016798781,3.054324E-4
758331341300289,-4.581486E-4,0.0015271619,-4.581486E-4
758331363031852,4.581486E-4,-0.0016798781,3.054324E-4
758331384763414,-4.581486E-4,0.0,4.581486E-4
758331406494977,-4.581486E-4,7.6358096E-4,0.0
758331428226487,-0.0,-7.6358096E-4,0.0
758331449958050,-3.054324E-4,0.0012217296,-4.581486E-4
758331471689612,-3.054324E-4,-4.581486E-4,-4.581486E-4
758331493421175,-3.054324E-4,-1.527162E-4,4.581486E-4
758331515152737,3.054324E-4,0.0,4.581486E-4
758331536884248,-4.581486E-4,0.0010690134,3.054324E-4
758331558615810,4.581486E-4,-0.0013744457,4.581486E-4
758331580347373,-4.581486E-4,3.054324E-4,-3.054324E-4
758331602078935,-3.054324E-4,3.054324E-4,0.0
758331623810446,3.054324E-4,-0.0019853106,0.0
758331645542008,-4.581486E-4,0.0016798781,4.581486E-4
758331667273571,4.581486E-4,-1.527162E-4,0.0
758331689005133,3.054324E-4,-9.162972E-4,-3.054324E-4
758331710736696,-3.054324E-4,0.0012217296,-3.054324E-4
758331732468206,4.581486E-4,-9.162972E-4,4.581486E-4
758331754199768,-0.0,-1.527162E-4,0.0
758331775931331,-4.581486E-4,3.054324E-4,-4.581486E-4
758331797662893,3.054324E-4,-7.6358096E-4,4.581486E-4
758331819394456,-0.0,-7.6358096E-4,4.581486E-4
758331841125966,-0.0,3.054324E-4,0.0
758331862857529,-3.054324E-4,-7.6358096E-4,-3.054324E-4
758331884589091,4.581486E-4,-1.527162E-4,0.0
758331906320654,-7.6358096E-4,-1.527162E-4,-4.581486E-4
758331928052216,-0.0,-7.6358096E-4,4.581486E-4
758331949783727,-0.0,0.0,3.054324E-4
758331971515289,-7.6358096E-4,-1.527162E-4,7.6358096E-4
758331993246852,-4.581486E-4,-7.6358096E-4,3.054324E-4
758332014978414,-7.6358096E-4,0.0,4.581486E-4
758332036709977,-3.054324E-4,-1.527162E-4,3.054324E-4
758332058441487,-4.581486E-4,-9.162972E-4,3.054324E-4
758332080173050,-3.054324E-4,-4.581486E-4,0.0
758332101904612,-4.581486E-4,-7.6358096E-4,3.054324E-4
758332123636175,-0.0,0.0,-3.054324E-4
758332145367737,-3.054324E-4,-4.581486E-4,-4.581486E-4
758332167099248,-0.0,0.0,4.581486E-4
758332188830810,-4.581486E-4,-4.581486E-4,0.0
758332210562373,3.054324E-4,0.0,-3.054324E-4
758332232293935,-0.0,-4.581486E-4,0.0
758332254025446,-3.054324E-4,-9.162972E-4,0.0
758332275757008,-7.6358096E-4,0.0,-3.054324E-4
758332297488571,-0.0,-0.0012217296,-4.581486E-4
758332319220133,4.581486E-4,-1.527162E-4,3.054324E-4
758332340951696,-9.162972E-4,7.6358096E-4,0.0
758332362683206,-0.0,-0.0012217296,0.0
758332384414768,-0.0,0.0,0.0
758332406146331,-3.054324E-4,3.054324E-4,3.054324E-4
758332427877893,-0.0,-0.0013744457,3.054324E-4
758332449609404,-4.581486E-4,0.0010690134,-3.054324E-4
758332471340966,-0.0,-4.581486E-4,-3.054324E-4
758332493072529,4.581486E-4,-0.0012217296,3.054324E-4
758332514804091,-3.054324E-4,0.0015271619,-4.581486E-4
758332536535654,4.581486E-4,-0.0013744457,4.581486E-4
758332558267164,-7.6358096E-4,-1.527162E-4,0.0
758332579998727,-4.581486E-4,0.0,-3.054324E-4
758332601730289,3.054324E-4,-0.0012217296,0.0
758332623461852,-3.054324E-4,3.054324E-4,3.054324E-4
758332645193414,3.054324E-4,-4.581486E-4,3.054324E-4
758332666924925,3.054324E-4,4.581486E-4,3.054324E-4
758332688656487,-0.0,-7.6358096E-4,0.0
758332710388050,-4.581486E-4,0.0,-3.054324E-4
758332732119612,3.054324E-4,-7.6358096E-4,0.0
758332753851123,4.581486E-4,-4.581486E-4,4.581486E-4
758332775582685,-4.581486E-4,0.0010690134,-3.054324E-4
758332797314248,3.054324E-4,-9.162972E-4,7.6358096E-4
758332819045810,-3.054324E-4,0.0,-3.054324E-4
758332840777373,-7.6358096E-4,-1.527162E-4,0.0
758332862508883,3.054324E-4,-0.0012217296,0.0
758332884240446,-4.581486E-4,3.054324E-4,4.581486E-4
758332905972008,3.054324E-4,-1.527162E-4,0.0
758332927703518,-0.0,-7.6358096E-4,3.054324E-4
758332949435081,-7.6358096E-4,4.581486E-4,3.054324E-4
758332971166643,3.054324E-4,-0.0012217296,-3.054324E-4
758332992898206,-3.054324E-4,-1.527162E-4,4.581486E-4
758333014629768,-0.0,3.054324E-4,0.0
758333036361331,4.581486E-4,-0.0013744457,-3.054324E-4
758333058092841,-3.054324E-4,0.0,-3.054324E-4
758333079824404,-0.0,-4.581486E-4,-3.054324E-4
758333101555966,-4.581486E-4,-4.581486E-4,3.054324E-4
758333123287529,-4.581486E-4,3.054324E-4,-3.054324E-4
758333145019091,-3.054324E-4,-0.0013744457,4.581486E-4
758333166750602,-0.0,3.054324E-4,3.054324E-4
758333188482164,4.581486E-4,-1.527162E-4,0.0
758333210213727,7.6358096E-4,-1.527162E-4,0.0
758333231945289,-3.054324E-4,0.0010690134,-4.581486E-4
758333253676800,-0.0,-4.581486E-4,-3.054324E-4
758333275408362,-3.054324E-4,-7.6358096E-4,3.054324E-4
758333297139925,3.054324E-4,3.054324E-4,0.0
758333318871487,-0.0,-0.0012217296,3.054324E-4
758333340602998,-9.162972E-4,3.054324E-4,-3.054324E-4
758333362334560,-0.0,-1.527162E-4,4.581486E-4
758333384066123,3.054324E-4,-1.527162E-4,3.054324E-4
758333405797685,-3.054324E-4,0.0,3.054324E-4
758333427529196,-0.0,3.054324E-4,3.054324E-4
758333449260758,-0.0,3.054324E-4,-3.054324E-4
758333470992321,-4.581486E-4,3.054324E-4,-3.054324E-4
758333492723883,3.054324E-4,-1.527162E-4,0.0
758333514455446,-4.581486E-4,3.054324E-4,3.054324E-4
758333536186956,7.6358096E-4,-4.581486E-4,0.0
758333557918518,4.581486E-4,-0.0012217296,4.581486E-4
758333579650081,-4.581486E-4,0.0012217296,-3.054324E-4
758333601381591,-4.581486E-4,0.0,-3.054324E-4
758333623113154,4.581486E-4,-9.162972E-4,3.054324E-4
758333644844716,-7.6358096E-4,4.581486E-4,0.0
758333666576279,-7.6358096E-4,0.0,3.054324E-4
758333688307841,7.6358096E-4,-9.162972E-4,0.0
758333710039404,-4.581486E-4,0.0,3.054324E-4
758333731770914,-3.054324E-4,-1.527162E-4,0.0
758333753502477,3.054324E-4,-1.527162E-4,-3.054324E-4
758333775234039,-0.0012217296,3.054324E-4,4.581486E-4
758333796965550,7.6358096E-4,-7.6358096E-4,0.0
758333818697112,-4.581486E-4,7.6358096E-4,3.054324E-4
758333840428675,3.054324E-4,3.054324E-4,3.054324E-4
758333862160237,3.054324E-4,-0.0013744457,0.0
758333883891800,-7.6358096E-4,7.6358096E-4,-3.054324E-4
758333905623310,3.054324E-4,-4.581486E-4,0.0
758333927354873,-3.054324E-4,-9.162972E-4,0.0
758333949086435,-9.162972E-4,0.0012217296,-3.054324E-4
758333970817998,7.6358096E-4,-0.0012217296,-3.054324E-4
758333992549508,-3.054324E-4,0.0,-3.054324E-4
758334014281071,3.054324E-4,4.581486E-4,-4.581486E-4
758334036012633,9.162972E-4,-0.0012217296,0.0
758334057744196,3.054324E-4,-4.581486E-4,-1.527162E-4
758334079475758,-4.581486E-4,0.0015271619,0.0
758334101207268,4.581486E-4,-0.0019853106,0.0
758334122938831,0.0,0.0,0.0
758334144670393,-7.6358096E-4,0.0015271619,-1.527162E-4
758334166401956,4.581486E-4,-0.0019853106,4.581486E-4
758334188133466,0.0,0.0010690134,3.054324E-4
758334209865029,-3.054324E-4,0.0010690134,0.0
758334231596591,3.054324E-4,-0.0012217296,0.0
758334253328154,0.0,3.054324E-4,0.0
758334275059716,-3.054324E-4,0.0010690134,0.0
758334296791227,0.0,-7.6358096E-4,0.0
758334318522789,0.0,7.6358096E-4,0.0
758334340254352,-4.581486E-4,4.581486E-4,-1.527162E-4
758334361985914,4.581486E-4,-1.527162E-4,4.581486E-4
758334383717425,-3.054324E-4,0.0010690134,-1.527162E-4
758334405448987,3.054324E-4,-1.527162E-4,0.0
758334427180550,4.581486E-4,-4.581486E-4,3.054324E-4
758334448912112,-4.581486E-4,0.0015271619,4.581486E-4
758334470643623,3.054324E-4,-1.527162E-4,3.054324E-4
758334492375185,4.581486E-4,-1.527162E-4,-1.527162E-4
758334514106748,0.0,4.581486E-4,0.0
758334535838310,7.6358096E-4,-0.0012217296,0.0
758334557569821,0.0,7.6358096E-4,0.0
758334579301383,3.054324E-4,-4.581486E-4,0.0
758334601032946,3.054324E-4,-1.527162E-4,3.054324E-4
758334622764508,0.0,3.054324E-4,3.054324E-4
758334644496071,4.581486E-4,-4.581486E-4,0.0
758334666227581,7.6358096E-4,-1.527162E-4,3.054324E-4
758334687959143,-4.581486E-4,0.0010690134,3.054324E-4
758334709690706,9.162972E-4,-9.162972E-4,3.054324E-4
758334731422268,-3.054324E-4,3.054324E-4,0.0
758334753153779,3.054324E-4,4.581486E-4,3.054324E-4
758334774885341,4.581486E-4,-0.0012217296,-1.527162E-4
758334796616904,-3.054324E-4,0.0,4.581486E-4
758334818348466,-4.581486E-4,3.054324E-4,4.581486E-4
758334840080029,3.054324E-4,-4.581486E-4,-1.527162E-4
758334861811539,4.581486E-4,-1.527162E-4,3.054324E-4
758334883543102,-3.054324E-4,7.6358096E-4,3.054324E-4
758334905274664,4.581486E-4,-4.581486E-4,-1.527162E-4
758334927006227,4.581486E-4,-4.581486E-4,0.0
758334948737737,-4.581486E-4,3.054324E-4,3.054324E-4
758334970469300,4.581486E-4,-7.6358096E-4,-1.527162E-4
758334992200862,3.054324E-4,0.0,3.054324E-4
758335013932425,9.162972E-4,-1.527162E-4,0.0
758335035663987,3.054324E-4,3.054324E-4,0.0
758335057395498,-3.054324E-4,0.0,3.054324E-4
758335079127060,4.581486E-4,-4.581486E-4,3.054324E-4
758335100858623,4.581486E-4,3.054324E-4,3.054324E-4
758335122590185,0.0,0.0010690134,0.0
758335144321696,4.581486E-4,-7.6358096E-4,3.054324E-4
758335166053258,3.054324E-4,-1.527162E-4,0.0
758335187784821,-3.054324E-4,0.0012217296,7.6358096E-4
758335209516383,0.0015271619,-0.0024434591,3.054324E-4
758335231247946,-9.162972E-4,0.0024434591,3.054324E-4
758335252979456,-3.054324E-4,0.0,4.581486E-4
758335274711018,7.6358096E-4,-0.0036651888,7.6358096E-4
758335296442581,-7.6358096E-4,0.0029016077,-1.527162E-4
758335318174143,3.054324E-4,-7.6358096E-4,3.054324E-4
758335339905706,0.0,-9.162972E-4,7.6358096E-4
758335361637216,-4.581486E-4,0.0010690134,0.0
758335383368779,0.0,-0.0016798781,0.0
758335405100341,0.0,0.0010690134,-1.527162E-4
758335426831904,0.0,-7.6358096E-4,4.581486E-4
758335448563466,0.0,0.0,-1.527162E-4
758335470294977,-4.581486E-4,3.054324E-4,3.054324E-4
758335492026539,9.162972E-4,-4.581486E-4,4.581486E-4
758335513758102,3.054324E-4,4.581486E-4,0.0
758335535489664,0.0,3.054324E-4,7.6358096E-4
758335557221175,3.054324E-4,-1.527162E-4,3.054324E-4
758335578952737,4.581486E-4,-1.527162E-4,-4.581486E-4
758335600684300,0.0,7.6358096E-4,-4.581486E-4
758335622415862,3.054324E-4,-4.581486E-4,3.054324E-4
758335644147425,3.054324E-4,3.054324E-4,0.0
758335665878935,-4.581486E-4,3.054324E-4,0.0
758335687610498,7.6358096E-4,-1.527162E-4,0.0
758335709342060,-4.581486E-4,4.581486E-4,3.054324E-4
758335731073623,3.054324E-4,-7.6358096E-4,-1.527162E-4
758335752805133,-3.054324E-4,3.054324E-4,0.0
758335774536696,0.0,4.581486E-4,-4.581486E-4
758335796268258,4.581486E-4,-7.6358096E-4,4.581486E-4
758335817999821,3.054324E-4,7.6358096E-4,-1.527162E-4
758335839731383,0.0,0.0,-1.527162E-4
758335861462893,-3.054324E-4,-1.527162E-4,3.054324E-4
758335883194456,0.0,0.0010690134,7.6358096E-4
758335904926018,4.581486E-4,-1.527162E-4,-1.527162E-4
758335926657581,0.0,0.0,-1.527162E-4
758335948389143,0.0,0.0,3.054324E-4
758335970120654,0.0,-1.527162E-4,4.581486E-4
758335991852216,4.581486E-4,0.0,0.0
758336013583779,0.0,4.581486E-4,0.0
758336035315341,7.6358096E-4,-0.0012217296,3.054324E-4
758336057046904,-3.054324E-4,0.0012217296,3.054324E-4
758336078778414,0.0,-4.581486E-4,4.581486E-4
758336100509977,3.054324E-4,3.054324E-4,4.581486E-4
758336122241539,-4.581486E-4,4.581486E-4,3.054324E-4
758336143973102,7.6358096E-4,-1.527162E-4,0.0
758336165704612,0.0,-1.527162E-4,0.0
758336187436175,4.581486E-4,0.0,-1.527162E-4
758336209167737,7.6358096E-4,-0.0012217296,7.6358096E-4
758336230899300,3.054324E-4,4.581486E-4,-1.527162E-4
758336252630862,3.054324E-4,3.054324E-4,0.0
758336274362425,3.054324E-4,3.054324E-4,0.0
758336296093935,0.0,3.054324E-4,0.0
758336317825498,-3.054324E-4,0.0,4.581486E-4
758336339557060,0.0,-7.6358096E-4,-1.527162E-4
758336361288623,-7.6358096E-4,7.6358096E-4,0.0
758336383020185,4.581486E-4,-9.162972E-4,0.0
758336404751696,4.581486E-4,0.0,-1.527162E-4
758336426483258,4.581486E-4,4.581486E-4,3.054324E-4
758336448214821,3.054324E-4,0.0,0.0
758336469946383,0.0,0.0,3.054324E-4
758336491677946,4.581486E-4,0.0,0.0
758336513409456,-3.054324E-4,3.054324E-4,7.6358096E-4
