session_id,window_id,start_seconds,end_seconds,state,fs_hz,f_peak_hz,f_peak_amplitude,frequency_resolution_hz,step_frequency_spm,step_band_energy_ratio,peak_count,interval_mean_s,interval_std_s,interval_cv,interval_frequency_hz
20261011_093758_739,0,0.0,4.0,unknown,115.25,0.5,0.0009625492766803217,0.25,30.0,0.26491417313555415,7.0,0.4526391901663051,0.09809207740917786,0.21671141063401436,2.20926517571885
20261011_093758_739,1,2.0,6.0,unknown,78.5,0.5,0.0018923384686668975,0.25,30.0,0.291984443442685,9.0,0.4092356687898089,0.12777608246694058,0.3122310497635747,2.443579766536965
20261011_093758_739,2,4.0,8.0,unknown,21.0,3.0,0.01210350148722802,0.25,180.0,0.07304347018228356,12.0,0.3333333333333333,0.0287153661502632,0.0861460984507896,3.0
20261011_093758_739,3,6.0,10.0,unknown,0.0,,,,,,0.0,,,,
20261011_093758_739,4,8.0,12.0,unknown,0.0,,,,,,0.0,,,,
20261011_093758_739,5,10.0,14.0,unknown,0.0,,,,,,0.0,,,,
20261011_093758_739,6,12.0,16.0,unknown,0.0,,,,,,0.0,,,,
20261011_093758_739,7,14.0,18.0,unknown,0.0,,,,,,0.0,,,,
20261011_093758_739,8,16.0,20.0,unknown,0.0,,,,,,0.0,,,,
20261011_093758_739,9,18.0,22.0,unknown,0.0,,,,,,0.0,,,,
20261011_093758_739,10,20.0,24.0,unknown,0.0,,,,,,0.0,,,,
20261011_093758_739,11,22.0,26.0,unknown,0.0,,,,,,0.0,,,,
20261011_093758_739,12,24.0,28.0,unknown,31.5,1.75,0.0026133003891334722,0.25,105.0,0.05832560802587584,12.0,0.32611832611832614,0.019573823905123428,0.06002061931969263,3.066371681415929
20261011_093758_739,13,26.0,30.0,开始步行,89.0,1.25,0.0011801675727460509,0.25,75.0,0.17613267368063537,12.0,0.32686414708886624,0.02058165646538293,0.06296700524878089,3.0593749999999997
20261011_093758_739,14,28.0,32.0,开始步行,115.0,2.5,0.0009427170230308316,0.25,150.0,0.21483154258953796,8.0,0.5080745341614906,0.1314541651042054,0.2587300804618224,1.9682151589242056
20261011_093758_739,15,30.0,34.0,开始步行,115.0,1.0,0.0010380218074419482,0.25,60.0,0.23809116442084974,9.0,0.4478260869565217,0.11211997354980544,0.25036498948014807,2.2330097087378644
20261011_093758_739,16,32.0,36.0,开始步行,115.0,0.5,0.0011465674837250787,0.25,30.0,0.18991890298198738,6.0,0.5113043478260869,0.13709378904359204,0.2681256078233518,1.9557823129251701
20261011_093758_739,17,34.0,38.0,开始步行,115.0,0.5,0.0011722956098931601,0.25,30.0,0.2902946965897367,8.0,0.4807453416149069,0.1436918632638137,0.29889392746090443,2.080103359173126
20261011_093758_739,18,36.0,40.0,开始步行,115.0,2.75,0.0014357412163590543,0.25,165.0,0.2785920524182206,10.0,0.3671497584541063,0.046154863429936945,0.12571127276311772,2.7236842105263155
20261011_093758_739,19,38.0,42.0,开始步行,115.0,2.75,0.0010466579586526725,0.25,165.0,0.2102237356441056,10.0,0.4096618357487923,0.10398038724511312,0.25382004905351907,2.4410377358490565
20261011_093758_739,20,40.0,44.0,开始步行,115.0,2.75,0.0009581263433902582,0.25,165.0,0.1438895050557847,10.0,0.39710144927536234,0.11374734417593381,0.286444041902899,2.5182481751824817
20261011_093758_739,21,42.0,46.0,开始步行,115.0,0.75,0.0012538961251528347,0.25,45.0,0.29302883080696007,10.0,0.3681159420289855,0.11637599941962164,0.3161395259824367,2.716535433070866
20261011_093758_739,22,44.0,48.0,开始步行,115.0,3.0,0.001002013090270567,0.25,180.0,0.20429582519280065,9.0,0.42391304347826086,0.12218474344692519,0.2882306768491569,2.358974358974359
20261011_093758_739,23,46.0,50.0,开始步行,115.0,0.75,0.0019281963235001772,0.25,45.0,0.6543729430939589,6.0,0.6156521739130434,0.2765928265201751,0.44926800917825055,1.6242937853107347
20261011_093758_739,24,48.0,52.0,开始步行,115.25,0.5,0.0010194129120004794,0.25,30.0,0.24771562088065047,7.0,0.5046999276934202,0.16663176450019282,0.33016007206843356,1.9813753581661888
20261011_093758_739,25,50.0,54.0,开始步行,115.25,2.25,0.0007814611567830181,0.25,135.0,0.18942085210101567,8.0,0.45243259993802293,0.08731511008543576,0.19299031523678165,2.2102739726027396
20261011_093758_739,26,52.0,56.0,开始步行,115.0,2.75,0.0007837864084318895,0.25,165.0,0.07627392873946731,9.0,0.4532608695652174,0.10070052364877749,0.22216902099970093,2.2062350119904077
20261011_093758_739,27,54.0,58.0,开始步行,115.0,2.25,0.0009682573945968122,0.25,135.0,0.19790442609415998,8.0,0.45341614906832295,0.06726452854996712,0.14835053556910557,2.205479452054795
20261011_093758_739,28,56.0,60.0,开始步行,115.0,0.5,0.0007780753958759404,0.25,30.0,0.2589265072061074,7.0,0.5318840579710146,0.11208250029556699,0.2107273166319924,1.8801089918256129
20261011_093758_739,29,58.0,62.0,开始步行,115.0,3.0,0.0011017277520466856,0.25,180.0,0.2542385877282855,9.0,0.4152173913043478,0.10175678033450827,0.24506868562237596,2.4083769633507854
20261011_093758_739,30,60.0,64.0,开始步行,115.0,1.75,0.0007432286578398278,0.25,105.0,0.2403379925244677,11.0,0.37217391304347824,0.06458241609609441,0.17352751988436585,2.6869158878504673
20261011_093758_739,31,62.0,66.0,上车,115.0,0.5,0.0013433284340973138,0.25,30.0,0.3832691822929706,5.0,0.508695652173913,0.22662978312908083,0.44551153948451794,1.965811965811966
20261011_093758_739,32,64.0,68.0,上车,115.0,0.5,0.0015951810933575905,0.25,30.0,0.42493563332772644,8.0,0.41366459627329194,0.04713954276027399,0.11395595171777946,2.4174174174174174
20261011_093758_739,33,66.0,70.0,上车,115.0,1.25,0.000861404191024545,0.25,75.0,0.24193456134309327,11.0,0.3652173913043478,0.06413596144203747,0.1756103706151026,2.738095238095238
20261011_093758_739,34,68.0,72.0,上车,115.0,0.75,0.0010536775988616192,0.25,45.0,0.2780453573245934,10.0,0.4048309178743961,0.14194680326343545,0.35063231832376063,2.4701670644391407
20261011_093758_739,35,70.0,74.0,上车,115.0,2.5,0.0013401434190101558,0.25,150.0,0.28214500308359164,8.0,0.5055900621118014,0.18489714076713917,0.36570564697186,1.9778869778869774
20261011_093758_739,36,72.0,76.0,上车,115.25,0.75,0.0013538393158694496,0.25,45.0,0.3762248400508657,8.0,0.4735048032228075,0.21278272016779834,0.44937816621824955,2.111910994764398
20261011_093758_739,37,74.0,78.0,上车,115.25,2.0,0.0008029966027965302,0.25,120.0,0.16253311244066382,10.0,0.3682815136177392,0.08896811372424644,0.24157637685988123,2.7153141361256545
20261011_093758_739,38,76.0,80.0,上车,115.0,2.0,0.0011559147952524102,0.25,120.0,0.23434210862267635,10.0,0.391304347826087,0.10594589497099749,0.270750620481438,2.5555555555555554
20261011_093758_739,39,78.0,82.0,上车,115.0,0.5,0.0014585873556208033,0.25,30.0,0.5224109564233137,7.0,0.48695652173913045,0.13647834628398323,0.2802680325474655,2.0535714285714284
20261011_093758_739,40,80.0,84.0,上车,115.0,0.75,0.0013366261112287181,0.25,45.0,0.38233175911654066,9.0,0.4489130434782609,0.10684843425011582,0.23801588259105702,2.227602905569007
20261011_093758_739,41,82.0,86.0,上车,115.0,0.75,0.0008335488440777421,0.25,45.0,0.19221201027133356,7.0,0.5956521739130435,0.19629523948888505,0.32954675242659537,1.6788321167883211
20261011_093758_739,42,84.0,88.0,上车,115.0,0.5,0.0008878743638853025,0.25,30.0,0.17005203168856903,7.0,0.5478260869565217,0.22345175504009313,0.40788812427953514,1.8253968253968256
20261011_093758_739,43,86.0,90.0,上车,115.0,0.75,0.001183169031370334,0.25,45.0,0.24355254072973895,10.0,0.40869565217391307,0.10546901680382753,0.25806248792425884,2.4468085106382977
20261011_093758_739,44,88.0,92.0,上车,115.0,1.75,0.0010010296721456229,0.25,105.0,0.3025418042601938,10.0,0.4077294685990338,0.11947124594898265,0.2930159705146849,2.4526066350710902
20261011_093758_739,45,90.0,94.0,上车,115.0,0.5,0.0007107909921020615,0.25,30.0,0.0711240261007618,8.0,0.5304347826086957,0.1243725814736281,0.2344728994994628,1.8852459016393441
20261011_093758_739,46,92.0,96.0,上车,115.0,0.5,0.001152891046979823,0.25,30.0,0.27465554707960377,7.0,0.5347826086956521,0.16289365096556013,0.3045978839193401,1.8699186991869923
20261011_093758_739,47,94.0,98.0,上车,115.0,1.5,0.0011615095041652799,0.25,90.0,0.39562403582064604,7.0,0.5086956521739131,0.1406394613792247,0.27647073604462974,1.9658119658119655
20261011_093758_739,48,96.0,100.0,上车,115.0,2.0,0.0007968559305670907,0.25,120.0,0.18167997615684875,8.0,0.4509316770186335,0.12406200669561637,0.27512373385666994,2.2176308539944904
20261011_093758_739,49,98.0,102.0,下车,115.25,1.25,0.0004552116851845797,0.25,75.0,0.12355250761150514,10.0,0.4020245842371655,0.11648318476125678,0.289741446987083,2.4874100719424463
20261011_093758_739,50,100.0,104.0,下车,115.25,1.25,0.0010680823762802398,0.25,75.0,0.3251422475617904,9.0,0.3882863340563991,0.051286726323370446,0.13208480913449036,2.575418994413408
20261011_093758_739,51,102.0,106.0,下车,115.0,1.0,0.0008398240926864979,0.25,60.0,0.2613278248624677,9.0,0.38586956521739124,0.08225754888048929,0.21317449287338075,2.5915492957746484
20261011_093758_739,52,104.0,108.0,下车,115.0,3.0,0.0007148560450859476,0.25,180.0,0.21252766349180896,9.0,0.383695652173913,0.11934267827656232,0.31103474225053074,2.606232294617564
20261011_093758_739,53,106.0,110.0,下车,115.0,0.5,0.0013781498912034352,0.25,30.0,0.41538657565209125,9.0,0.43804347826086953,0.11657830392135399,0.26613409331922006,2.28287841191067
20261011_093758_739,54,108.0,112.0,下车,115.0,0.5,0.0009605052635118623,0.25,30.0,0.2970686752408778,8.0,0.48944099378881983,0.12338849731020139,0.2521008637936856,2.0431472081218276
20261011_093758_739,55,110.0,114.0,下车,115.0,1.5,0.0009148183146902318,0.25,90.0,0.2471103470237452,7.0,0.5449275362318841,0.14329515471661772,0.2629618530703889,1.8351063829787233
20261011_093758_739,56,112.0,116.0,下车,115.0,0.5,0.0011931295574957653,0.25,30.0,0.42885439313911944,8.0,0.43602484472049685,0.13530682041431158,0.3103190610641619,2.2934472934472936
20261011_093758_739,57,114.0,118.0,下车,115.0,3.0,0.0011740848337519528,0.25,180.0,0.28651608947100066,10.0,0.34396135265700484,0.030153597167782098,0.08766565468723166,2.907303370786517
20261011_093758_739,58,116.0,120.0,下车,115.0,3.0,0.0010678936759091573,0.25,180.0,0.3094356045042504,10.0,0.37681159420289856,0.06389973242043075,0.16958005911575852,2.6538461538461537
20261011_093758_739,59,118.0,122.0,下车,115.0,2.25,0.0010378027214927859,0.25,135.0,0.3024490422039041,9.0,0.42391304347826086,0.08303664893384469,0.19588132569009517,2.358974358974359
20261011_093758_739,60,120.0,124.0,下车,115.0,3.0,0.0009492000159215934,0.25,180.0,0.15014446898623127,10.0,0.3768115942028985,0.09700406104742906,0.25743385431817717,2.653846153846154
20261011_093758_739,61,122.0,126.0,下车,115.25,0.5,0.0013293380800473602,0.25,30.0,0.4117023331875192,7.0,0.5350686912509038,0.11914579854834983,0.22267383701671328,1.8689189189189188
20261011_093758_739,62,124.0,128.0,下车,115.25,0.5,0.0017072282502918108,0.25,30.0,0.35929599427739145,6.0,0.6663774403470716,0.2500601985672198,0.3752530974592719,1.5006510416666667
20261011_093758_739,63,126.0,130.0,下车,115.0,0.75,0.0010407361113016508,0.25,45.0,0.3657978077976647,9.0,0.45543478260869563,0.20271957686197992,0.4451121974057793,2.1957040572792366
20261011_093758_739,64,128.0,132.0,到达,115.0,2.75,0.0010843597231341884,0.25,165.0,0.3550524166175429,9.0,0.4141304347826087,0.12165661023082323,0.29376399320828706,2.4146981627296586
20261011_093758_739,65,130.0,134.0,到达,115.0,2.5,0.0011035967511785125,0.25,150.0,0.058334023331121365,10.0,0.40386473429951697,0.06272012509030911,0.1552998312642821,2.476076555023923
20261011_093758_739,66,132.0,136.0,到达,115.0,3.0,0.0013047872328612819,0.25,180.0,0.003143285300908891,11.0,0.35391304347826086,0.09853750977043226,0.278422939154784,2.8255528255528257
20261011_093758_739,67,134.0,138.0,到达,115.0,3.0,0.0052114075980475814,0.25,180.0,0.003379258215793942,7.0,0.4449275362318841,0.10195525992441483,0.22915025846203982,2.247557003257329
20261011_093758_739,68,136.0,140.0,到达,115.0,0.5,0.0009507216961456465,0.25,30.0,0.28518979428156566,10.0,0.3565217391304347,0.09302496542539833,0.2609236835102636,2.804878048780488
