session_id,window_id,start_seconds,end_seconds,start_index,end_index,sample_count,state,window_seconds,step_seconds,overlap_ratio
20261011_093758_739,0,0.0,4.0,0,461,461,unknown,4.0,2.0,0.5
20261011_093758_739,1,2.0,6.0,231,545,314,unknown,4.0,2.0,0.5
20261011_093758_739,2,4.0,8.0,461,545,84,unknown,4.0,2.0,0.5
20261011_093758_739,3,6.0,10.0,545,545,0,unknown,4.0,2.0,0.5
20261011_093758_739,4,8.0,12.0,545,545,0,unknown,4.0,2.0,0.5
20261011_093758_739,5,10.0,14.0,545,545,0,unknown,4.0,2.0,0.5
20261011_093758_739,6,12.0,16.0,545,545,0,unknown,4.0,2.0,0.5
20261011_093758_739,7,14.0,18.0,545,545,0,unknown,4.0,2.0,0.5
20261011_093758_739,8,16.0,20.0,545,545,0,unknown,4.0,2.0,0.5
20261011_093758_739,9,18.0,22.0,545,545,0,unknown,4.0,2.0,0.5
20261011_093758_739,10,20.0,24.0,545,545,0,unknown,4.0,2.0,0.5
20261011_093758_739,11,22.0,26.0,545,545,0,unknown,4.0,2.0,0.5
20261011_093758_739,12,24.0,28.0,545,671,126,unknown,4.0,2.0,0.5
20261011_093758_739,13,26.0,30.0,545,901,356,开始步行,4.0,2.0,0.5
20261011_093758_739,14,28.0,32.0,671,1131,460,开始步行,4.0,2.0,0.5
20261011_093758_739,15,30.0,34.0,901,1361,460,开始步行,4.0,2.0,0.5
20261011_093758_739,16,32.0,36.0,1131,1591,460,开始步行,4.0,2.0,0.5
20261011_093758_739,17,34.0,38.0,1361,1821,460,开始步行,4.0,2.0,0.5
20261011_093758_739,18,36.0,40.0,1591,2051,460,开始步行,4.0,2.0,0.5
20261011_093758_739,19,38.0,42.0,1821,2281,460,开始步行,4.0,2.0,0.5
20261011_093758_739,20,40.0,44.0,2051,2511,460,开始步行,4.0,2.0,0.5
20261011_093758_739,21,42.0,46.0,2281,2741,460,开始步行,4.0,2.0,0.5
20261011_093758_739,22,44.0,48.0,2511,2971,460,开始步行,4.0,2.0,0.5
20261011_093758_739,23,46.0,50.0,2741,3201,460,开始步行,4.0,2.0,0.5
20261011_093758_739,24,48.0,52.0,2971,3432,461,开始步行,4.0,2.0,0.5
20261011_093758_739,25,50.0,54.0,3201,3662,461,开始步行,4.0,2.0,0.5
20261011_093758_739,26,52.0,56.0,3432,3892,460,开始步行,4.0,2.0,0.5
20261011_093758_739,27,54.0,58.0,3662,4122,460,开始步行,4.0,2.0,0.5
20261011_093758_739,28,56.0,60.0,3892,4352,460,开始步行,4.0,2.0,0.5
20261011_093758_739,29,58.0,62.0,4122,4582,460,开始步行,4.0,2.0,0.5
20261011_093758_739,30,60.0,64.0,4352,4812,460,开始步行,4.0,2.0,0.5
20261011_093758_739,31,62.0,66.0,4582,5042,460,上车,4.0,2.0,0.5
20261011_093758_739,32,64.0,68.0,4812,5272,460,上车,4.0,2.0,0.5
20261011_093758_739,33,66.0,70.0,5042,5502,460,上车,4.0,2.0,0.5
20261011_093758_739,34,68.0,72.0,5272,5732,460,上车,4.0,2.0,0.5
20261011_093758_739,35,70.0,74.0,5502,5962,460,上车,4.0,2.0,0.5
20261011_093758_739,36,72.0,76.0,5732,6193,461,上车,4.0,2.0,0.5
20261011_093758_739,37,74.0,78.0,5962,6423,461,上车,4.0,2.0,0.5
20261011_093758_739,38,76.0,80.0,6193,6653,460,上车,4.0,2.0,0.5
20261011_093758_739,39,78.0,82.0,6423,6883,460,上车,4.0,2.0,0.5
20261011_093758_739,40,80.0,84.0,6653,7113,460,上车,4.0,2.0,0.5
20261011_093758_739,41,82.0,86.0,6883,7343,460,上车,4.0,2.0,0.5
20261011_093758_739,42,84.0,88.0,7113,7573,460,上车,4.0,2.0,0.5
20261011_093758_739,43,86.0,90.0,7343,7803,460,上车,4.0,2.0,0.5
20261011_093758_739,44,88.0,92.0,7573,8033,460,上车,4.0,2.0,0.5
20261011_093758_739,45,90.0,94.0,7803,8263,460,上车,4.0,2.0,0.5
20261011_093758_739,46,92.0,96.0,8033,8493,460,上车,4.0,2.0,0.5
20261011_093758_739,47,94.0,98.0,8263,8723,460,上车,4.0,2.0,0.5
20261011_093758_739,48,96.0,100.0,8493,8953,460,上车,4.0,2.0,0.5
20261011_093758_739,49,98.0,102.0,8723,9184,461,下车,4.0,2.0,0.5
20261011_093758_739,50,100.0,104.0,8953,9414,461,下车,4.0,2.0,0.5
20261011_093758_739,51,102.0,106.0,9184,9644,460,下车,4.0,2.0,0.5
20261011_093758_739,52,104.0,108.0,9414,9874,460,下车,4.0,2.0,0.5
20261011_093758_739,53,106.0,110.0,9644,10104,460,下车,4.0,2.0,0.5
20261011_093758_739,54,108.0,112.0,9874,10334,460,下车,4.0,2.0,0.5
20261011_093758_739,55,110.0,114.0,10104,10564,460,下车,4.0,2.0,0.5
20261011_093758_739,56,112.0,116.0,10334,10794,460,下车,4.0,2.0,0.5
20261011_093758_739,57,114.0,118.0,10564,11024,460,下车,4.0,2.0,0.5
20261011_093758_739,58,116.0,120.0,10794,11254,460,下车,4.0,2.0,0.5
20261011_093758_739,59,118.0,122.0,11024,11484,460,下车,4.0,2.0,0.5
20261011_093758_739,60,120.0,124.0,11254,11714,460,下车,4.0,2.0,0.5
20261011_093758_739,61,122.0,126.0,11484,11945,461,下车,4.0,2.0,0.5
20261011_093758_739,62,124.0,128.0,11714,12175,461,下车,4.0,2.0,0.5
20261011_093758_739,63,126.0,130.0,11945,12405,460,下车,4.0,2.0,0.5
20261011_093758_739,64,128.0,132.0,12175,12635,460,到达,4.0,2.0,0.5
20261011_093758_739,65,130.0,134.0,12405,12865,460,到达,4.0,2.0,0.5
20261011_093758_739,66,132.0,136.0,12635,13095,460,到达,4.0,2.0,0.5
20261011_093758_739,67,134.0,138.0,12865,13325,460,到达,4.0,2.0,0.5
20261011_093758_739,68,136.0,140.0,13095,13555,460,到达,4.0,2.0,0.5
